id,url,imdb_code,title,title_english,title_long,slug,year,rating,runtime,genres,synopsis,yt_trailer_code,language,mpa_rating,state,date_uploaded,date_uploaded_unix,torrent.url,torrent.hash,torrent.seeds,torrent.peers,torrent.size,torrent.date_uploaded,torrent.date_uploaded_unix,torrent.full_quality,torrent.magnet_url
37384,https://yts.mx/movies/jai-bhim-2021,tt15097216,Jai Bhim,Jai Bhim,Jai Bhim (2021),jai-bhim-2021,2021,9.4,164,"['Crime', 'Drama', 'Mystery']",Rajakannu and his wife Sengeni belong to a lower cast and works as labors in the field to protect it from rats thou they live life of poverty but are happy with what they have. Rajakannu and Sengeni plan a second child and soon Sengeni gives the good news once Rajkannu is called to the house of a upper caste man as a snake has sneaked inside his house.The next day theft of jewelry is reported in the same house suspicious raising towards Rajkannu .The cops got to arrest Rajkannu but he leaves the town for work following which the cops detain a pregnant Sengani and rest of family members asking them details about the Rajkannu.The cops trace Rajkannu and torture him and his brothers in jail asking him to confess the crime they did not commit later Sengeni finds that Rajkannu and his brother have eloped from the prison to escape torture.Mythra who teaches tribal village comes across a lawyer Chandru who fights for tribal people and after hearing story of Senegeni files a Habeas corpus case in court. —alex.mjacko@gmail.com,ElXnVVDl8cA,ta,,ok,2021-11-03 16:12:36,1635952356,https://yts.mx/torrent/download/AD6FA54A7C7E99510FF1433EB736C31E44F442A0,AD6FA54A7C7E99510FF1433EB736C31E44F442A0,61,15,3.02 GB,2021-11-03 19:19:18,1635963558,1080P-WEB,magnet:?xt=urn:btih:AD6FA54A7C7E99510FF1433EB736C31E44F442A0&dn=jai-bhim-2021&tr=udp://open.demonii.com:1337/announce&tr=udp://tracker.openbittorrent.com:80&tr=udp://tracker.coppersurfer.tk:6969&tr=udp://glotorrents.pw:6969/announce&tr=udp://tracker.opentrackr.org:1337/announce&tr=udp://torrent.gresille.org:80/announce&tr=udp://p4p.arenabg.com:1337&tr=udp://tracker.leechers-paradise.org:6969&tr=udp://tracker.internetwarriors.net:1337&tr=udp://p4p.arenabg.ch:1337
41158,https://yts.mx/movies/kadaisi-vivasayi-2021,tt10300570,Kadaisi Vivasayi,Kadaisi Vivasayi,Kadaisi Vivasayi (2021),kadaisi-vivasayi-2021,2021,9.1,122,"['Comedy', 'Drama']","Octogenarian Maayandi is the last active farmer in his remote village in the Indian state of Tamil Nadu. His farm work, his fields and livestock are enough for him, and he refuses to sell his land to a property developer. But Maayandi's pleasantly predictable way of life comes to an abrupt end when he is wrongly accused of killing three peacocks - the national symbol of India - and burying them on his property. —jakkepoes",cGorkMwcjd4,ta,,ok,2022-04-02 07:42:09,1648878129,https://yts.mx/torrent/download/45359FF81A910E08D24D92E26FC30904D59513DE,45359FF81A910E08D24D92E26FC30904D59513DE,22,11,2.41 GB,2022-04-02 09:09:50,1648883390,1080P-WEB,magnet:?xt=urn:btih:45359FF81A910E08D24D92E26FC30904D59513DE&dn=kadaisi-vivasayi-2021&tr=udp://open.demonii.com:1337/announce&tr=udp://tracker.openbittorrent.com:80&tr=udp://tracker.coppersurfer.tk:6969&tr=udp://glotorrents.pw:6969/announce&tr=udp://tracker.opentrackr.org:1337/announce&tr=udp://torrent.gresille.org:80/announce&tr=udp://p4p.arenabg.com:1337&tr=udp://tracker.leechers-paradise.org:6969&tr=udp://tracker.internetwarriors.net:1337&tr=udp://p4p.arenabg.ch:1337
25833,https://yts.mx/movies/ham-a-musical-memoir-2020,tt10060772,HAM: A Musical Memoir,HAM: A Musical Memoir,HAM: A Musical Memoir (2020),ham-a-musical-memoir-2020,2020,9.0,113,"['Action', 'Comedy', 'Documentary', 'Musical']","A live recording of Sam Harris's award-winning one-man musical performance, tracing his rise to stage stardom.",,en,,ok,2021-01-09 01:18:22,1610151502,https://yts.mx/torrent/download/123285DFCDFDCA065548067394738602E0D7C166,123285DFCDFDCA065548067394738602E0D7C166,2,1,2.06 GB,2021-01-09 03:36:10,1610159770,1080P-WEB,magnet:?xt=urn:btih:123285DFCDFDCA065548067394738602E0D7C166&dn=ham-a-musical-memoir-2020&tr=udp://open.demonii.com:1337/announce&tr=udp://tracker.openbittorrent.com:80&tr=udp://tracker.coppersurfer.tk:6969&tr=udp://glotorrents.pw:6969/announce&tr=udp://tracker.opentrackr.org:1337/announce&tr=udp://torrent.gresille.org:80/announce&tr=udp://p4p.arenabg.com:1337&tr=udp://tracker.leechers-paradise.org:6969&tr=udp://tracker.internetwarriors.net:1337&tr=udp://p4p.arenabg.ch:1337
23907,https://yts.mx/movies/oceans-apart-greed-betrayal-and-pacific-island-rugby-2020,tt13411840,"Oceans Apart: Greed, Betrayal and Pacific Island Rugby","Oceans Apart: Greed, Betrayal and Pacific Island Rugby","Oceans Apart: Greed, Betrayal and Pacific Island Rugby (2020)",oceans-apart-greed-betrayal-and-pacific-island-rugby-2020,2020,9.0,0,"['Action', 'Documentary']","Presented by former Samoa rugby player Dan Leo, who sacrificed his own career to confront corruption in his national union, Oceans Apart looks at the bond between the Pacific and modern Rugby and reveals the darker side of the sport.",w3vyw-gtEAQ,en,,ok,2020-11-20 03:19:08,1605838748,https://yts.mx/torrent/download/0191A2353802CB0F8B4AA92A3DACD830B3E40375,0191A2353802CB0F8B4AA92A3DACD830B3E40375,4,1,1.01 GB,2020-11-20 04:38:19,1605843499,1080P-WEB,magnet:?xt=urn:btih:0191A2353802CB0F8B4AA92A3DACD830B3E40375&dn=oceans-apart-greed-betrayal-and-pacific-island-rugby-2020&tr=udp://open.demonii.com:1337/announce&tr=udp://tracker.openbittorrent.com:80&tr=udp://tracker.coppersurfer.tk:6969&tr=udp://glotorrents.pw:6969/announce&tr=udp://tracker.opentrackr.org:1337/announce&tr=udp://torrent.gresille.org:80/announce&tr=udp://p4p.arenabg.com:1337&tr=udp://tracker.leechers-paradise.org:6969&tr=udp://tracker.internetwarriors.net:1337&tr=udp://p4p.arenabg.ch:1337
21870,https://yts.mx/movies/david-attenborough-a-life-on-our-planet-2020,tt11989890,David Attenborough: A Life on Our Planet,David Attenborough: A Life on Our Planet,David Attenborough: A Life on Our Planet (2020),david-attenborough-a-life-on-our-planet-2020,2020,9.0,83,"['Action', 'Biography', 'Documentary']","One man has seen more of the natural world than any other. This unique feature documentary is his witness statement. In his 93 years, David Attenborough has visited every continent on the globe, exploring the wild places of our planet and documenting the living world in all its variety and wonder. Now, for the first time he reflects upon both the defining moments of his lifetime as a naturalist and the devastating changes he has seen. Honest, revealing and urgent, DAVID ATTENBOROUGH: A LIFE ON OUR PLANET is a powerful first-hand account of humanity's impact on nature and a message of hope for future generations. Created by award-winning natural history filmmakers Silverback Films and global conservation organization WWF, the film is Directed by Alastair Fothergill, Jonnie Hughes and Keith Scholey and Executive Produced by Colin Butfield. Celebrated British naturalist Sir David Attenborough has a broadcasting career spanning over eight decades. He has visited every continent on the globe, exploring the wild places of our planet and bringing the wonders of the living world to audiences worldwide through groundbreaking natural history series. His work includes: Life on Earth, Planet Earth and more recently the Netflix original documentary series Our Planet.",64R2MYUt394,en,PG,ok,2020-10-04 16:57:50,1601823470,https://yts.mx/torrent/download/CD2A82EDF1131C948E29D08E03C4BD1B6E6F38F3,CD2A82EDF1131C948E29D08E03C4BD1B6E6F38F3,87,12,1.55 GB,2020-10-04 19:04:12,1601831052,1080P-WEB,magnet:?xt=urn:btih:CD2A82EDF1131C948E29D08E03C4BD1B6E6F38F3&dn=david-attenborough-a-life-on-our-planet-2020&tr=udp://open.demonii.com:1337/announce&tr=udp://tracker.openbittorrent.com:80&tr=udp://tracker.coppersurfer.tk:6969&tr=udp://glotorrents.pw:6969/announce&tr=udp://tracker.opentrackr.org:1337/announce&tr=udp://torrent.gresille.org:80/announce&tr=udp://p4p.arenabg.com:1337&tr=udp://tracker.leechers-paradise.org:6969&tr=udp://tracker.internetwarriors.net:1337&tr=udp://p4p.arenabg.ch:1337
25318,https://yts.mx/movies/soorarai-pottru-2020,tt10189514,Soorarai Pottru,Soorarai Pottru,Soorarai Pottru (2020),soorarai-pottru-2020,2020,9.2,153,"['Action', 'Drama']","Inspired by the book 'Simply Fly', the film tells the story of Nedumaaran Rajangam known to friends as Maara, the son of a teacher, who sets out to make the common man fly and takes on the most capital intensive industry in the world with the help of his friends, family and sheer will power.",,ta,,ok,2020-12-26 02:01:15,1608944475,https://yts.mx/torrent/download/301215E539CC8B60776F91FA0A80536CDA2415DE,301215E539CC8B60776F91FA0A80536CDA2415DE,14,7,2.75 GB,2020-12-26 03:16:27,1608948987,1080P-WEB,magnet:?xt=urn:btih:301215E539CC8B60776F91FA0A80536CDA2415DE&dn=soorarai-pottru-2020&tr=udp://open.demonii.com:1337/announce&tr=udp://tracker.openbittorrent.com:80&tr=udp://tracker.coppersurfer.tk:6969&tr=udp://glotorrents.pw:6969/announce&tr=udp://tracker.opentrackr.org:1337/announce&tr=udp://torrent.gresille.org:80/announce&tr=udp://p4p.arenabg.com:1337&tr=udp://tracker.leechers-paradise.org:6969&tr=udp://tracker.internetwarriors.net:1337&tr=udp://p4p.arenabg.ch:1337
37027,https://yts.mx/movies/tobi-tobi-2020,tt14553990,Tobí Tobí,Tobí Tobí,Tobí Tobí (2020),tobi-tobi-2020,2020,9.2,89,"['Action', 'Documentary']","Antonio is an Italian guy, inspired by a recurring dream, he leaves for Mexico in search of himself. Thanks to magical people, adventurous friends and psychotropic plants, he faces three plain of freedom: mental, emotional and doing.",,en,,ok,2021-10-21 19:56:57,1634839017,https://yts.mx/torrent/download/6DB4081C80E1E302E9A9C535E5E64BD184E9F0C7,6DB4081C80E1E302E9A9C535E5E64BD184E9F0C7,8,1,1.49 GB,2021-10-21 22:08:36,1634846916,1080P-WEB,magnet:?xt=urn:btih:6DB4081C80E1E302E9A9C535E5E64BD184E9F0C7&dn=tobi-tobi-2020&tr=udp://open.demonii.com:1337/announce&tr=udp://tracker.openbittorrent.com:80&tr=udp://tracker.coppersurfer.tk:6969&tr=udp://glotorrents.pw:6969/announce&tr=udp://tracker.opentrackr.org:1337/announce&tr=udp://torrent.gresille.org:80/announce&tr=udp://p4p.arenabg.com:1337&tr=udp://tracker.leechers-paradise.org:6969&tr=udp://tracker.internetwarriors.net:1337&tr=udp://p4p.arenabg.ch:1337
32828,https://yts.mx/movies/one-note-at-a-time-2016,tt4780544,One Note at a Time,One Note at a Time,One Note at a Time (2016),one-note-at-a-time-2016,2016,9.0,95,"['Action', 'Documentary', 'Music']","'If the musicians ain't got a chance to live, then what chance has the music got?' Dr John. This is a beautifully crafted, feature documentary, rich with colourful characters, and set in the iconic musical backdrop of New Orleans. In 2005 the music stopped, when one of the most deadly and destructive hurricanes in American history struck. The flood defences failed flooding the Crescent City for weeks. Lives were lost and shattered. Many displaced musicians felt compelled to return to the chaos and bleak confusion to play again. This is the story of some who made it back, told in their own words, with those who fought alongside to resuscitate the music scene; In particular the founders of The New Orleans Musicians' Clinic, a unique medical facility with the motto, 'Keeping the music alive'. —Renee Edwards",,en,,ok,2021-06-13 20:48:56,1623610136,https://yts.mx/torrent/download/5F7E7E960BA6A4C1755EF3604129EB478B495DE7,5F7E7E960BA6A4C1755EF3604129EB478B495DE7,3,0,1.59 GB,2021-06-13 21:58:23,1623614303,1080P-WEB,magnet:?xt=urn:btih:5F7E7E960BA6A4C1755EF3604129EB478B495DE7&dn=one-note-at-a-time-2016&tr=udp://open.demonii.com:1337/announce&tr=udp://tracker.openbittorrent.com:80&tr=udp://tracker.coppersurfer.tk:6969&tr=udp://glotorrents.pw:6969/announce&tr=udp://tracker.opentrackr.org:1337/announce&tr=udp://torrent.gresille.org:80/announce&tr=udp://p4p.arenabg.com:1337&tr=udp://tracker.leechers-paradise.org:6969&tr=udp://tracker.internetwarriors.net:1337&tr=udp://p4p.arenabg.ch:1337
22032,https://yts.mx/movies/holbrooktwain-an-american-odyssey-2014,tt1745718,Holbrook/Twain: An American Odyssey,Holbrook/Twain: An American Odyssey,Holbrook/Twain: An American Odyssey (2014),holbrooktwain-an-american-odyssey-2014,2014,9.0,93,"['Action', 'Documentary']","HOLBROOK/TWAIN: AN AMERICAN ODYSSEY chronicles the triumphant and tumultuous history of the longest-running one-man show in the history of theatre, Hal Holbrook's Tony and Emmy Award-winning masterpiece, ""Mark Twain Tonight!""",,en,,ok,2020-10-10 23:27:19,1602365239,https://yts.mx/torrent/download/8DCDEC4FD107EF381C0D052844BE9405F1A04343,8DCDEC4FD107EF381C0D052844BE9405F1A04343,0,5,1.72 GB,2020-10-11 01:22:10,1602372130,1080P-WEB,magnet:?xt=urn:btih:8DCDEC4FD107EF381C0D052844BE9405F1A04343&dn=holbrooktwain-an-american-odyssey-2014&tr=udp://open.demonii.com:1337/announce&tr=udp://tracker.openbittorrent.com:80&tr=udp://tracker.coppersurfer.tk:6969&tr=udp://glotorrents.pw:6969/announce&tr=udp://tracker.opentrackr.org:1337/announce&tr=udp://torrent.gresille.org:80/announce&tr=udp://p4p.arenabg.com:1337&tr=udp://tracker.leechers-paradise.org:6969&tr=udp://tracker.internetwarriors.net:1337&tr=udp://p4p.arenabg.ch:1337
29256,https://yts.mx/movies/saving-mes-aynak-2014,tt2412748,Saving Mes Aynak,Saving Mes Aynak,Saving Mes Aynak (2014),saving-mes-aynak-2014,2014,9.2,60,"['Action', 'Documentary']","Saving Mes Aynak follows Afghan archaeologist Qadir Temori as he races against time to save a 5,000-year-old archaeological site in Afghanistan from imminent demolition. A Chinese state-owned mining company is closing in on the ancient site, eager to harvest $100 billion dollars worth of copper buried directly beneath the archaeological ruins. Only 10% of Mes Aynak has been excavated, though, and some believe future discoveries at the site have the potential to redefine the history of Afghanistan and the history of Buddhism itself. Qadir Temori and his fellow Afghan archaeologists face what seems an impossible battle against the Chinese, the Taliban and local politics to save their cultural heritage from likely erasure. —Brent E. Huffman",,fa,,ok,2021-03-22 22:10:28,1616447428,https://yts.mx/torrent/download/2965B1117CDE7B5EA2D93A06749751DCC46B79DA,2965B1117CDE7B5EA2D93A06749751DCC46B79DA,3,0,992.96 MB,2021-03-22 22:54:15,1616450055,1080P-WEB,magnet:?xt=urn:btih:2965B1117CDE7B5EA2D93A06749751DCC46B79DA&dn=saving-mes-aynak-2014&tr=udp://open.demonii.com:1337/announce&tr=udp://tracker.openbittorrent.com:80&tr=udp://tracker.coppersurfer.tk:6969&tr=udp://glotorrents.pw:6969/announce&tr=udp://tracker.opentrackr.org:1337/announce&tr=udp://torrent.gresille.org:80/announce&tr=udp://p4p.arenabg.com:1337&tr=udp://tracker.leechers-paradise.org:6969&tr=udp://tracker.internetwarriors.net:1337&tr=udp://p4p.arenabg.ch:1337
15527,https://yts.mx/movies/top-gear-africa-special-part-1-2013,tt2741136,"Top Gear Africa Special, Part 1","Top Gear Africa Special, Part 1","Top Gear Africa Special, Part 1 (2013)",top-gear-africa-special-part-1-2013,2013,9.1,0,"['Action', 'Adventure', 'Comedy', 'Reality-TV', 'Talk-Show']","In the first of a two-part Top Gear special, Jeremy Clarkson, Richard Hammond and James May are in Africa with a simple mission - to find the definitive source of the Nile. Over the years many explorers claim to have already done just that, but the Top Gear trio believe that they can do better by traveling using only grit, ingenuity and three ageing estate cars. —Anonymous",,en,,ok,2020-02-23 01:25:37,1582417537,https://yts.mx/torrent/download/ECA37497C70EC2F4D2B81DCE0D297DC01CAD5236,ECA37497C70EC2F4D2B81DCE0D297DC01CAD5236,13,3,1.89 GB,2020-02-23 03:25:48,1582424748,1080P-WEB,magnet:?xt=urn:btih:ECA37497C70EC2F4D2B81DCE0D297DC01CAD5236&dn=top-gear-africa-special-part-1-2013&tr=udp://open.demonii.com:1337/announce&tr=udp://tracker.openbittorrent.com:80&tr=udp://tracker.coppersurfer.tk:6969&tr=udp://glotorrents.pw:6969/announce&tr=udp://tracker.opentrackr.org:1337/announce&tr=udp://torrent.gresille.org:80/announce&tr=udp://p4p.arenabg.com:1337&tr=udp://tracker.leechers-paradise.org:6969&tr=udp://tracker.internetwarriors.net:1337&tr=udp://p4p.arenabg.ch:1337
15553,https://yts.mx/movies/doctor-who-the-day-of-the-doctor-2013,tt2779318,Doctor Who The Day of the Doctor,Doctor Who The Day of the Doctor,Doctor Who The Day of the Doctor (2013),doctor-who-the-day-of-the-doctor-2013,2013,9.3,77,"['Action', 'Adventure', 'Drama', 'Family', 'Mystery', 'Sci-Fi']","In 2013, something terrible is awakening in London's National Gallery; in 1562, a murderous plot is afoot in Elizabethan England; and somewhere in space an ancient battle reaches its devastating conclusion.",Mkq8pnvsnQg,en,,ok,2020-02-24 05:16:24,1582517784,https://yts.mx/torrent/download/682E309437DFAE8BA08F44AD00D236B94FC0CD30,682E309437DFAE8BA08F44AD00D236B94FC0CD30,42,5,1.42 GB,2020-02-24 07:15:16,1582524916,1080P-BLURAY,magnet:?xt=urn:btih:682E309437DFAE8BA08F44AD00D236B94FC0CD30&dn=doctor-who-the-day-of-the-doctor-2013&tr=udp://open.demonii.com:1337/announce&tr=udp://tracker.openbittorrent.com:80&tr=udp://tracker.coppersurfer.tk:6969&tr=udp://glotorrents.pw:6969/announce&tr=udp://tracker.opentrackr.org:1337/announce&tr=udp://torrent.gresille.org:80/announce&tr=udp://p4p.arenabg.com:1337&tr=udp://tracker.leechers-paradise.org:6969&tr=udp://tracker.internetwarriors.net:1337&tr=udp://p4p.arenabg.ch:1337
38851,https://yts.mx/movies/days-of-reckoning-the-making-of-universal-soldier-4-2013,tt2593138,Days of Reckoning: The Making of Universal Soldier 4,Days of Reckoning: The Making of Universal Soldier 4,Days of Reckoning: The Making of Universal Soldier 4 (2013),days-of-reckoning-the-making-of-universal-soldier-4-2013,2013,9.0,80,"['Action', 'Documentary']",,,en,,ok,2021-12-29 18:11:17,1640797877,https://yts.mx/torrent/download/A1F751A5D215B68AA2D337B0D05ACA00E4C44C2B,A1F751A5D215B68AA2D337B0D05ACA00E4C44C2B,3,1,1.34 GB,2021-12-29 19:14:27,1640801667,1080P-BLURAY,magnet:?xt=urn:btih:A1F751A5D215B68AA2D337B0D05ACA00E4C44C2B&dn=days-of-reckoning-the-making-of-universal-soldier-4-2013&tr=udp://open.demonii.com:1337/announce&tr=udp://tracker.openbittorrent.com:80&tr=udp://tracker.coppersurfer.tk:6969&tr=udp://glotorrents.pw:6969/announce&tr=udp://tracker.opentrackr.org:1337/announce&tr=udp://torrent.gresille.org:80/announce&tr=udp://p4p.arenabg.com:1337&tr=udp://tracker.leechers-paradise.org:6969&tr=udp://tracker.internetwarriors.net:1337&tr=udp://p4p.arenabg.ch:1337
29819,https://yts.mx/movies/cm101mmxi-fundamentals-2013,tt2592910,CM101MMXI Fundamentals,CM101MMXI Fundamentals,CM101MMXI Fundamentals (2013),cm101mmxi-fundamentals-2013,2013,9.1,139,"['Action', 'Comedy', 'Documentary']","The funny little details of everyday life; the simple things that makes us laugh. An unforgettable performance from Cem Yilmaz. Yilmaz captures the audience with his hilarious stories about relationships, humankind's struggle with the technology and professional life. Yilmaz proves us that a food delivery or even a funeral might be amusing when considered correctly. —Elmalma Brand Communication",,tr,,ok,2021-04-01 19:55:25,1617299725,https://yts.mx/torrent/download/9C77C68B9AB414C3845FE61B175891ADE770374A,9C77C68B9AB414C3845FE61B175891ADE770374A,5,3,2.49 GB,2021-04-01 21:28:39,1617305319,1080P-BLURAY,magnet:?xt=urn:btih:9C77C68B9AB414C3845FE61B175891ADE770374A&dn=cm101mmxi-fundamentals-2013&tr=udp://open.demonii.com:1337/announce&tr=udp://tracker.openbittorrent.com:80&tr=udp://tracker.coppersurfer.tk:6969&tr=udp://glotorrents.pw:6969/announce&tr=udp://tracker.opentrackr.org:1337/announce&tr=udp://torrent.gresille.org:80/announce&tr=udp://p4p.arenabg.com:1337&tr=udp://tracker.leechers-paradise.org:6969&tr=udp://tracker.internetwarriors.net:1337&tr=udp://p4p.arenabg.ch:1337
3175,https://yts.mx/movies/the-dark-knight-2008,tt0468569,The Dark Knight,The Dark Knight,The Dark Knight (2008),the-dark-knight-2008,2008,9.0,152,"['Action', 'Adventure', 'Crime', 'Drama', 'Thriller']","Set within a year after the events of Batman Begins (2005), Batman, Lieutenant James Gordon, and new District Attorney Harvey Dent successfully begin to round up the criminals that plague Gotham City, until a mysterious and sadistic criminal mastermind known only as ""The Joker"" appears in Gotham, creating a new wave of chaos. Batman's struggle against The Joker becomes deeply personal, forcing him to ""confront everything he believes"" and improve his technology to stop him. A love triangle develops between Bruce Wayne, Dent, and Rachel Dawes. —Leon Lombardi",QEBCT-Lsh-A,en,PG-13,ok,2015-11-01 02:20:06,1446340806,https://yts.mx/torrent/download/A54926C2E07B0E5F0243954330B599B31C804F0B,A54926C2E07B0E5F0243954330B599B31C804F0B,302,44,1.70 GB,2015-11-01 02:20:12,1446340812,1080P-BLURAY,magnet:?xt=urn:btih:A54926C2E07B0E5F0243954330B599B31C804F0B&dn=the-dark-knight-2008&tr=udp://open.demonii.com:1337/announce&tr=udp://tracker.openbittorrent.com:80&tr=udp://tracker.coppersurfer.tk:6969&tr=udp://glotorrents.pw:6969/announce&tr=udp://tracker.opentrackr.org:1337/announce&tr=udp://torrent.gresille.org:80/announce&tr=udp://p4p.arenabg.com:1337&tr=udp://tracker.leechers-paradise.org:6969&tr=udp://tracker.internetwarriors.net:1337&tr=udp://p4p.arenabg.ch:1337
30440,https://yts.mx/movies/avenged-sevenfold-live-in-the-l-b-c-diamonds-in-the-rough-2008,tt1297265,Avenged Sevenfold: Live in the L.B.C. & Diamonds in the Rough,Avenged Sevenfold: Live in the L.B.C. & Diamonds in the Rough,Avenged Sevenfold: Live in the L.B.C. & Diamonds in the Rough (2008),avenged-sevenfold-live-in-the-l-b-c-diamonds-in-the-rough-2008,2008,9.4,102,['Documentary'],Avenged Sevenfold recorded their first live DVD at Long Beach Arena.,bDQLCne_CGg,en,,ok,2021-04-15 16:08:57,1618495737,https://yts.mx/torrent/download/B1A8D0BAF1FE77B7504083F9FFF6087CFFB39B8B,B1A8D0BAF1FE77B7504083F9FFF6087CFFB39B8B,6,6,1.28 GB,2021-04-15 17:09:30,1618499370,1080P-WEB,magnet:?xt=urn:btih:B1A8D0BAF1FE77B7504083F9FFF6087CFFB39B8B&dn=avenged-sevenfold-live-in-the-l-b-c-diamonds-in-the-rough-2008&tr=udp://open.demonii.com:1337/announce&tr=udp://tracker.openbittorrent.com:80&tr=udp://tracker.coppersurfer.tk:6969&tr=udp://glotorrents.pw:6969/announce&tr=udp://tracker.opentrackr.org:1337/announce&tr=udp://torrent.gresille.org:80/announce&tr=udp://p4p.arenabg.com:1337&tr=udp://tracker.leechers-paradise.org:6969&tr=udp://tracker.internetwarriors.net:1337&tr=udp://p4p.arenabg.ch:1337
40589,https://yts.mx/movies/c-m-y-l-m-z-2008,tt1578118,C.M.Y.L.M.Z.,C.M.Y.L.M.Z.,C.M.Y.L.M.Z. (2008),c-m-y-l-m-z-2008,2008,9.2,174,['Comedy'],The funny little details of everyday life; the simple things that makes us laugh. An unforgettable performance from Cem Yilmaz.,,tr,,ok,2022-03-10 22:29:38,1646947778,https://yts.mx/torrent/download/73A7971E108677EA185B9EF22F576984A6AE0360,73A7971E108677EA185B9EF22F576984A6AE0360,7,2,3.21 GB,2022-03-11 00:40:56,1646955656,1080P-WEB,magnet:?xt=urn:btih:73A7971E108677EA185B9EF22F576984A6AE0360&dn=c-m-y-l-m-z-2008&tr=udp://open.demonii.com:1337/announce&tr=udp://tracker.openbittorrent.com:80&tr=udp://tracker.coppersurfer.tk:6969&tr=udp://glotorrents.pw:6969/announce&tr=udp://tracker.opentrackr.org:1337/announce&tr=udp://torrent.gresille.org:80/announce&tr=udp://p4p.arenabg.com:1337&tr=udp://tracker.leechers-paradise.org:6969&tr=udp://tracker.internetwarriors.net:1337&tr=udp://p4p.arenabg.ch:1337
3489,https://yts.mx/movies/the-lord-of-the-rings-the-return-of-the-king-2003,tt0167260,The Lord of the Rings: The Return of the King,The Lord of the Rings: The Return of the King,The Lord of the Rings: The Return of the King (2003),the-lord-of-the-rings-the-return-of-the-king-2003,2003,9.0,201,"['Action', 'Adventure', 'Drama', 'Fantasy']","The final confrontation between the forces of good and evil fighting for control of the future of Middle-earth. Frodo and Sam reach Mordor in their quest to destroy the One Ring, while Aragorn leads the forces of good against Sauron's evil army at the stone city of Minas Tirith. —Jwelch5742",zckJCxYxn1g,en,PG-13,ok,2015-11-01 02:58:16,1446343096,https://yts.mx/torrent/download/AD73D5576DC4ECFEEA4353D4503F9B3F93DFA740,AD73D5576DC4ECFEEA4353D4503F9B3F93DFA740,425,99,3.70 GB,2015-11-01 02:58:18,1446343098,1080P-BLURAY,magnet:?xt=urn:btih:AD73D5576DC4ECFEEA4353D4503F9B3F93DFA740&dn=the-lord-of-the-rings-the-return-of-the-king-2003&tr=udp://open.demonii.com:1337/announce&tr=udp://tracker.openbittorrent.com:80&tr=udp://tracker.coppersurfer.tk:6969&tr=udp://glotorrents.pw:6969/announce&tr=udp://tracker.opentrackr.org:1337/announce&tr=udp://torrent.gresille.org:80/announce&tr=udp://p4p.arenabg.com:1337&tr=udp://tracker.leechers-paradise.org:6969&tr=udp://tracker.internetwarriors.net:1337&tr=udp://p4p.arenabg.ch:1337
3709,https://yts.mx/movies/the-shawshank-redemption-1994,tt0111161,The Shawshank Redemption,The Shawshank Redemption,The Shawshank Redemption (1994),the-shawshank-redemption-1994,1994,9.3,142,"['Action', 'Crime', 'Drama']","Chronicles the experiences of a formerly successful banker as a prisoner in the gloomy jailhouse of Shawshank after being found guilty of a crime he did not commit. The film portrays the man's unique way of dealing with his new, torturous life; along the way he befriends a number of fellow prisoners, most notably a wise long-term inmate named Red. —J-S-Golden",PLl99DlL6b4,en,R,ok,2015-11-01 03:20:23,1446344423,https://yts.mx/torrent/download/E0D00667650ABA9EE05AACBBBD8B55EA8A51F534,E0D00667650ABA9EE05AACBBBD8B55EA8A51F534,190,32,1.60 GB,2015-11-01 03:20:25,1446344425,1080P-BLURAY,magnet:?xt=urn:btih:E0D00667650ABA9EE05AACBBBD8B55EA8A51F534&dn=the-shawshank-redemption-1994&tr=udp://open.demonii.com:1337/announce&tr=udp://tracker.openbittorrent.com:80&tr=udp://tracker.coppersurfer.tk:6969&tr=udp://glotorrents.pw:6969/announce&tr=udp://tracker.opentrackr.org:1337/announce&tr=udp://torrent.gresille.org:80/announce&tr=udp://p4p.arenabg.com:1337&tr=udp://tracker.leechers-paradise.org:6969&tr=udp://tracker.internetwarriors.net:1337&tr=udp://p4p.arenabg.ch:1337
3304,https://yts.mx/movies/the-godfather-1972,tt0068646,The Godfather,The Godfather,The Godfather (1972),the-godfather-1972,1972,9.2,175,"['Action', 'Crime', 'Drama']","The Godfather ""Don"" Vito Corleone is the head of the Corleone mafia family in New York. He is at the event of his daughter's wedding. Michael, Vito's youngest son and a decorated WW II Marine is also present at the wedding. Michael seems to be uninterested in being a part of the family business. Vito is a powerful man, and is kind to all those who give him respect but is ruthless against those who do not. But when a powerful and treacherous rival wants to sell drugs and needs the Don's influence for the same, Vito refuses to do it. What follows is a clash between Vito's fading old values and the new ways which may cause Michael to do the thing he was most reluctant in doing and wage a mob war against all the other mafia families which could tear the Corleone family apart. —srijanarora-152-448595",Ew9ngL1GZvs,en,,ok,2015-11-01 02:36:37,1446341797,https://yts.mx/torrent/download/5E915039C619366E490D08DB3FFED21F3A3AE84A,5E915039C619366E490D08DB3FFED21F3A3AE84A,332,88,2.40 GB,2015-11-01 02:36:38,1446341798,1080P-BLURAY,magnet:?xt=urn:btih:5E915039C619366E490D08DB3FFED21F3A3AE84A&dn=the-godfather-1972&tr=udp://open.demonii.com:1337/announce&tr=udp://tracker.openbittorrent.com:80&tr=udp://tracker.coppersurfer.tk:6969&tr=udp://glotorrents.pw:6969/announce&tr=udp://tracker.opentrackr.org:1337/announce&tr=udp://torrent.gresille.org:80/announce&tr=udp://p4p.arenabg.com:1337&tr=udp://tracker.leechers-paradise.org:6969&tr=udp://tracker.internetwarriors.net:1337&tr=udp://p4p.arenabg.ch:1337
4253,https://yts.mx/movies/12-angry-men-1957,tt0050083,12 Angry Men,12 Angry Men,12 Angry Men (1957),12-angry-men-1957,1957,9.0,96,"['Action', 'Crime', 'Drama']","The defense and the prosecution have rested, and the jury is filing into the jury room to decide if a young man is guilty or innocent of murdering his father. What begins as an open-and-shut case of murder soon becomes a detective story that presents a succession of clues creating doubt, and a mini-drama of each of the jurors' prejudices and preconceptions about the trial, the accused, AND each other. Based on the play, all of the action takes place on the stage of the jury room. —pjk",_13J_9B5jEk,en,,ok,2015-10-31 20:46:02,1446320762,https://yts.mx/torrent/download/4DB3FDD949B99781E6AB1979BA476EC3E932970C,4DB3FDD949B99781E6AB1979BA476EC3E932970C,150,27,1.52 GB,2018-04-28 02:11:22,1524874282,1080P-BLURAY,magnet:?xt=urn:btih:4DB3FDD949B99781E6AB1979BA476EC3E932970C&dn=12-angry-men-1957&tr=udp://open.demonii.com:1337/announce&tr=udp://tracker.openbittorrent.com:80&tr=udp://tracker.coppersurfer.tk:6969&tr=udp://glotorrents.pw:6969/announce&tr=udp://tracker.opentrackr.org:1337/announce&tr=udp://torrent.gresille.org:80/announce&tr=udp://p4p.arenabg.com:1337&tr=udp://tracker.leechers-paradise.org:6969&tr=udp://tracker.internetwarriors.net:1337&tr=udp://p4p.arenabg.ch:1337
